filename,title,document_type,published_date,event_start_date,event_end_date,source,speaker,speaker_position,chair,source_url
fomc_minutes_20260128.txt,Minutes of the Federal Open Market Committee,fomc_minutes,2026/2/18,2026/1/27,2026/1/28,Federal Reserve,Federal Open Market Committee,,Jerome Powell,https://www.federalreserve.gov/monetarypolicy/files/fomcminutes20260128.pdf
fomc_statement_20260128.txt,FOMC Statement,fomc_statement,2026/1/28,2026/1/27,2026/1/28,Federal Reserve,Federal Open Market Committee,,Jerome Powell,https://www.federalreserve.gov/mediacenter/files/FOMCpresconf20260128.pdf
fomc_press_conference_20260128.txt,Chair Powell's Press Conference,press_conference,2026/1/28,2026/1/27,2026/1/28,Federal Reserve,Jerome Powell,Chair,Jerome Powell,https://www.federalreserve.gov/monetarypolicy/files/monetary20260128a1.pdf
fomc_minutes_20260318.txt,Minutes of the Federal Open Market Committee,fomc_minutes,2026/4/8,2026/3/17,2026/3/18,Federal Reserve,Federal Open Market Committee,,Jerome Powell,https://www.federalreserve.gov/monetarypolicy/files/fomcminutes20260318.pdf
fomc_statement_20260318.txt,FOMC Statement,fomc_statement,2026/3/18,2026/3/17,2026/3/18,Federal Reserve,Federal Open Market Committee,,Jerome Powell,https://www.federalreserve.gov/mediacenter/files/FOMCpresconf20260318.pdf
fomc_press_conference_20260318.txt,Chair Powell's Press Conference,press_conference,2026/3/18,2026/3/17,2026/3/18,Federal Reserve,Jerome Powell,Chair,Jerome Powell,https://www.federalreserve.gov/monetarypolicy/files/monetary20260318a1.pdf
fomc_minutes_20260429.txt,Minutes of the Federal Open Market Committee,fomc_minutes,2026/5/20,2026/4/28,2026/4/29,Federal Reserve,Federal Open Market Committee,,Jerome Powell,https://www.federalreserve.gov/monetarypolicy/files/fomcminutes20260429.pdf
fomc_statement_20260429.txt,FOMC Statement,fomc_statement,2026/4/29,2026/4/28,2026/4/29,Federal Reserve,Federal Open Market Committee,,Jerome Powell,https://www.federalreserve.gov/mediacenter/files/FOMCpresconf20260429.pdf
fomc_press_conference_20260429.txt,Chair Powell's Press Conference,press_conference,2026/4/29,2026/4/29,2026/4/29,Federal Reserve,Jerome Powell,Chair,Jerome Powell,https://www.federalreserve.gov/monetarypolicy/files/monetary20260429a1.pdf
